UUID,Domain,Parent Domain,Rating,Score,Last Updated,Country,Language,Does not repeatedly publish false or egregiously misleading content,Gathers and presents information responsibly,Has effective practices for correcting errors,Handles the difference between news and opinion responsibly,Avoids deceptive headlines,Website discloses ownership and financing,Clearly labels advertising,"Reveals who's in charge, including any possible conflicts of interest","The site provides names of content creators, along with either contact or biographical information",Brand Name,Topics,Type of Content,Original Reporting,Medium,Print Publications,Targeted Audience,Designated Market Area,Opinion/Advocacy Journalism,Orientation,Owner,Type of Owner,Flags,Facebook,Twitter,Youtube,Instagram,LinkedIn,iOS App,Android App,Other,False Narratives,Communities Served,BrandGuard Segments
06f9e72e-e643-4a7e-bc07-b6b8197e44c2,thelibertyloft.com,,N,17.5,1.70596E+12,US,en,No,No,No,Yes,No,No,No,No,Yes,,Political news or commentary,,Yes,,,National,,Yes,Right,Mustard Seed Media LLC,Private Company,"covid,hlth,ukraine,elec,vacc,politics",https://www.facebook.com/thelibertyloft,https://twitter.com/thelibertyloft,https://www.youtube.com/channel/UCyj_NkBUMYO0lUS4GMFnfSg,https://www.instagram.com/reallibertyloft,,,,"https://t.me/thelibertyloft,https://www.pinterest.com/reallibertyloft ","9c3d8e76-3e86-48ca-91b6-10b328e2d929,eabc6438-57c0-4f8c-ba9b-d46044e29290,bc585342-80bf-4538-99ff-2a04fe444628,a4ab384c-8e28-4e6f-ba25-b777ec94b8b7,549b7a87-ec41-456b-8ca6-03a0a530867a,dc0c07f4-9477-47a8-bcf8-816526c38f8d,e6c2242a-d8ee-4a33-bfe1-a0d9438a11a0,a797cacc-bbbb-49c3-8228-8e1d7f9faac1,a5bcc818-00cd-47a9-8537-744392fcffc5,c059de49-4624-4322-97e7-4d98f28a3619,9195b6c7-110f-41c9-b930-5270e442ac96,76b7b2f8-0487-45cc-82ff-2d2146e9cb8d,2d6ff0bb-1a65-4f22-b741-eb6f1ffcb757,1d1379e4-62d3-499a-8374-6df39b994fb5,02c77ce9-68c4-46f5-b8ed-37a12867c642,41484420-d2d8-4507-80b1-c454baa3b1d5,df239ca2-2b5f-4ea2-9ae1-8f5a38a1040d",,"Exclusion - Maximum Safety,Exclusion - High Safety,Exclusion - Basic Safety"
aee3c6bf-cb27-4e60-9ce6-844bf45be150,pacificpundit.com,,N,0,1.70596E+12,US,en,No,No,No,No,No,No,No,No,No,,"Conspiracy theories or hoaxes,Political news or commentary",Aggregation,No,N/A,,National,,Yes,Right,Dave Klassix,Individual,"elec,covid,hlth,ukraine,israelhamas,politics","https://www.facebook.com/pacificpundit,https://www.facebook.com/watchbiden/",https://twitter.com/demcommies,,https://www.instagram.com/demcommies/,,,,,"d161666e-523f-4b93-a6f9-2cc07e6fb95c,bf156648-b4dd-4e2b-bd03-dfc17f51fdfe,c25d4b41-eae1-439f-af36-521bd50b8a73,39ed3ae8-accc-4782-9a8a-e63dd3220ae9,e1149355-ace6-4247-8431-44a1170b2da8,6423ca46-c91a-44bf-b0cc-f60471774d27,fa80fd75-3268-4503-8f59-ea0169ac0ad8,b6ba4332-41bb-412a-8e02-1b5155e7eaba,78e2c100-15dd-4a57-bc30-debdc061f332,853a6f1e-cd6b-4602-9005-da77309bfa24,02c77ce9-68c4-46f5-b8ed-37a12867c642,5dbd3626-8841-4537-8a7e-189dddfb6433,60d00aa2-c2cd-43d7-a2f3-8b0d7f33ea74,280c853f-21be-4f4d-8b85-f551f6e2266f,156a28bc-7cc4-46c0-8eff-c0b9e260b548,5e06daef-c43b-466e-bfdb-ebaa299d694d,02779ae3-fb4a-4e64-bdd7-70519d92ca23",,"Exclusion - Maximum Safety,Exclusion - High Safety,Exclusion - Basic Safety"
ad84acc1-a135-40e8-9fbd-f3ae2d07ef87,sonsoflibertymedia.com,,N,10,1.70596E+12,US,en,No,No,No,No,No,No,No,Yes,Yes,,"Political news or commentary,Conspiracy theories or hoaxes","Aggregation,Wire Services",Yes,N/A,,National,,Yes,Right,The Sons Of Liberty,Nonprofit,"covid,hlth,elec,vacc,politics",https://www.facebook.com/bradlee.dean.7/,https://twitter.com/bradleedean1,https://www.youtube.com/channel/UC4JVsGzaoblCo1t1-lgrGcA,,,,,,"0ea16772-c048-41f9-b222-71b053f42ac8,40cb6d3e-dcf3-4878-9ef4-ddc5547ca309,af4677f8-4b3a-4ead-8e65-49fe164ecd24,669d49cb-7f4d-4910-b3d2-bf8213fe6e0d,87005788-e979-4d14-9787-0e3b981e1877,9a05ebc6-1d54-4993-87ed-279e9ebc8f8c,667c0df3-ab3e-4880-b8fc-92e0f35eef32,32a30b9b-bb5c-448a-b5ab-c07c0b88ec05,05bb7e12-5e9f-49af-80dd-4f2150ffb050,345068c4-a582-4b2d-83e0-aba88b4800eb,d963e2c3-2a4f-416f-b18c-9b9e125a25c0,aab5914f-6fde-4949-895b-8ccec2248941,949c1979-817e-45c0-ad65-845336a66396,02c77ce9-68c4-46f5-b8ed-37a12867c642,f5a53342-6242-43df-9f34-34e2dfc6eaae,3e195896-14be-48fb-94f0-974e64d8e5fb,b09b27e1-7359-4209-a1e8-e792bb326d72,a0189328-10b4-41e2-b1b3-e57740239423,8a96b047-6637-4846-8d9d-411fd1791b23,a593401e-42f1-4c56-8c7c-29bb42a04485",,"Exclusion - Maximum Safety,Exclusion - High Safety,Exclusion - Basic Safety"
8d89ab59-1bd6-436f-9454-182547769267,c-span.org,,T,82.5,1.70724E+12,US,en,Yes,Yes,No,Yes,Yes,Yes,Yes,Yes,No,,Political news or commentary,,Yes,Cable/TV Network,,"National,International",,No,N/A,National Cable Satellite Corporation,Nonprofit,,https://www.facebook.com/CSPAN/,https://twitter.com/cspan,https://www.youtube.com/channel/UCb--64Gl51jIEVE-GLDAVTg,https://www.instagram.com/cspan,https://www.linkedin.com/company/c-span/,,,https://www.pinterest.com/cspannetworks/,"f0ae2f18-1523-4e5c-a954-b32fe34d058e,9a4f89a8-58cf-4d80-807b-d8c05b5650b4",,"Inclusion - Maximum Safety,Inclusion - High Safety,Inclusion - Basic Safety"
e41f66ae-5067-45f6-a97c-d4dbb690205c,20minutes.fr,,T,100,1.71828E+12,ALL,en,Yes,Yes,Yes,Yes,Yes,Yes,Yes,Yes,Yes,20 Minutes,"General News,Local News","Aggregation,Wire Services",Yes,Print Publication,Newspaper,"National,Local,Regional",,No,N/A,Le groupe SIPA-Ouest-France,Private Company,,https://www.facebook.com/20minutes,https://twitter.com/20Minutes,"https://www.youtube.com/c/20minutesfr,https://www.youtube.com/channel/UCD25QI36ly-8hWm9OPOz7aw",https://www.instagram.com/20minutesfrance/,https://www.linkedin.com/company/20-minutes,https://apps.apple.com/fr/app/20-minutes-news-en-continu/id308834491,https://play.google.com/store/apps/details?id=com.backelite.vingtminutes,"https://flipboard.com/@20Minutes,https://www.dailymotion.com/20Minutes",,,"Inclusion - Maximum Safety,Inclusion - High Safety,Inclusion - Basic Safety"
19ac495b-938c-43d8-ba05-7cf713520413,meinbezirk.at,,T,95,1.70782E+12,AT,de,Yes,Yes,Yes,Yes,Yes,Yes,Yes,Yes,No,MeinBezirk,Local News,,Yes,Print Publication,Newspaper,"Local,Regional",,No,N/A,RegionalMedien Austria AG,Private Company,,https://www.facebook.com/rma.meinbezirk,https://twitter.com/meinbezirk_at,https://www.youtube.com/channel/UCkU5xXRmxcfjSO5pNiCASbQ,https://www.instagram.com/meinbezirk.at/,https://www.linkedin.com/company/regionalmedien-austria-ag/,https://apps.apple.com/at/app/meinbezirk-at-espresso/id1504083044,https://play.google.com/store/apps/details?id=at.rma.inspi.news&hl=de&gl=US,,,,"Inclusion - Maximum Safety,Inclusion - High Safety,Inclusion - Basic Safety"
f9a9bc30-a4e7-4163-9fd8-662b86fe547f,leparisien.fr,,T,85,1.70593E+12,ALL,en,Yes,Yes,Yes,Yes,Yes,No,No,Yes,Yes,Le Parisien,"General News,Local News","Aggregation,Wire Services",Yes,Print Publication,Newspaper,"Regional,Local",,No,N/A,LVMH,Public Company,,https://www.facebook.com/leparisien,https://twitter.com/le_Parisien,https://www.youtube.com/c/LeParisien,https://www.instagram.com/leparisien/,,https://apps.apple.com/fr/app/le-parisien-actu-en-continu/id373948394,https://play.google.com/store/apps/details?id=com.kreactive.leparisienrssplayer,"https://www.pinterest.fr/leparisienfr/,https://www.snapchat.com/add/leparisienfr",ad1bd5ee-5ea9-4668-9114-a82d839fb777,,"Inclusion - Maximum Safety,Inclusion - High Safety,Inclusion - Basic Safety"
8a1ddc30-e0ab-4376-8ac0-2a42670dbb20,portstephensexaminer.com.au,,T,80,1.70591E+12,AU,en,Yes,Yes,No,Yes,Yes,Yes,No,Yes,Yes,Port Stephens Examiner,"General News,Local News",Wire Services,Yes,Print Publication,Newspaper,"Regional,Local",,No,N/A,Australian Community Media,Private Company,,https://www.facebook.com/portstephens.examiner/,https://twitter.com/PortExaminer,,https://www.instagram.com/psexaminer/?hl=en,,,,,,,"Inclusion - Maximum Safety,Inclusion - High Safety,Inclusion - Basic Safety"
0247a2b2-488e-4fc4-9504-7cef71d70b0d,funmisdiary.com,,FL,,1.70565E+12,US,en,,,,,,,,,,,Celebrity news,,,,,,,,,Unknown,Unknown,uain,,,,,,,,,,,
9c2e1674-af78-4c38-85eb-22874221aa04,tes.com,,T,75,1.70562E+12,GB,en,Yes,Yes,No,Yes,Yes,No,Yes,No,Yes,Tes,Education,,Yes,Print Publication,Magazine,"National,International",,Yes,N/A,Onex Corp.,Public Company,,https://www.facebook.com/TESnews,https://www.twitter.com/tes,https://www.youtube.com/channel/UC-gOKwgu5_g9Pm1YBMb5G_A,https://www.instagram.com/tesnews,https://www.linkedin.com/company/tesglobal,,,https://www.pinterest.com.au/Tes_Global,,,"Inclusion - High Safety,Inclusion - Basic Safety,Exclusion - Maximum Safety"
6ee517e2-34db-4662-8e40-3192c72bf659,evangelisch.de,,T,87.5,1.7054E+12,DE,de,Yes,Yes,No,Yes,Yes,Yes,Yes,Yes,Yes,evangelisch.de,Religion,"Wire Services,Aggregation",Yes,N/A,Magazine,"National,Regional",,No,N/A,Evangelische Kirche in Deutschland,Religious Organization,,https://www.facebook.com/evangelischde,https://twitter.com/evangelisch_de/,https://www.youtube.com/EvangelischDE,https://www.instagram.com/evangelisch.de,https://www.linkedin.com/company/evangelisch-de/about/,,,https://www.pinterest.de/evangelischde/,,,"Inclusion - Maximum Safety,Inclusion - High Safety,Inclusion - Basic Safety"
68ed4c70-283a-4882-b746-b4ce50395e72,gnz.de,,T,100,1.7054E+12,DE,de,Yes,Yes,Yes,Yes,Yes,Yes,Yes,Yes,Yes,Gelnh√§user Neue Zeitung,"Local News,General News",,Yes,Print Publication,Newspaper,"Local,Regional",,No,N/A,Druck- und Pressehaus Naumann GmbH & Co. KG,Private Company,,https://www.facebook.com/gnzonline/,https://twitter.com/gnzonline?lang=en,,https://www.instagram.com/gelnhaeuserneuezeitung/,,https://apps.apple.com/de/app/gnz-e-paper/id480110327,https://play.google.com/store/apps/details?id=de.rnd.gnz,,,,"Inclusion - Maximum Safety,Inclusion - High Safety,Inclusion - Basic Safety"
de465d5d-5ff1-458c-9c08-91acec3a5319,iowastartingline.com,,N,57,1.70536E+12,US,en,Yes,No,Yes,No,Yes,No,Yes,No,Yes,,Political news or commentary,,Yes,N/A,Newspaper,Local,,Yes,Left,Good Information Inc.,Other,"hideParty,PartisanLocal",https://www.facebook.com/IowaStartingLine,https://twitter.com/iastartingline,,https://www.instagram.com/iowastartingline/?hl=en,,,,https://www.tiktok.com/@iowastartingline?lang=en,,,"Exclusion - Maximum Safety,Exclusion - High Safety,Exclusion - Basic Safety"
8672b34e-3795-47a2-ae92-edaa41262cab,canaledieci.it,,T,87.5,1.70531E+12,IT,it,Yes,Yes,No,Yes,Yes,Yes,Yes,Yes,Yes,CANALE DIECI,Local News,,Yes,Television Station,,"Local,Regional",,No,N/A,Canale Dieci Srl (Paolo Spiga),Private Company,,https://www.facebook.com/canale10/,https://twitter.com/canaledieci,https://www.youtube.com/channel/UCrOxH0-GHL6cPXw8oLXi2FQ?,https://www.instagram.com/canaledieci/,,https://apps.apple.com/it/app/canale10/id465933107,https://play.google.com/store/apps/details?id=com.visiotec.canale10&hl=it&gl=US&pli=1,,,,"Inclusion - Maximum Safety,Inclusion - High Safety,Inclusion - Basic Safety"
509c1fbc-9feb-4cd2-90c1-df57e0b20700,otptribune.com,macombdigest.com,N,39.5,1.70138E+12,US,en,Yes,No,No,No,Yes,No,Yes,No,No,,"Political news or commentary,Local News",Aggregation,Yes,N/A,,"Local,Regional",,Yes,Left,"Local Report, Inc.",Private Company,"hideParty,PartisanLocal",,,,,,,,,,,"Exclusion - Maximum Safety,Exclusion - High Safety,Exclusion - Basic Safety"
509c1fbc-9feb-4cd2-90c1-df57e0b20700,piedmonttribune.com,macombdigest.com,N,39.5,1.70138E+12,US,en,Yes,No,No,No,Yes,No,Yes,No,No,,"Political news or commentary,Local News",Aggregation,Yes,N/A,,"Local,Regional",,Yes,Left,"Local Report, Inc.",Private Company,"hideParty,PartisanLocal",,,,,,,,,,,"Exclusion - Maximum Safety,Exclusion - High Safety,Exclusion - Basic Safety"
e03e48eb-cbed-43c1-aa2c-2b6cfffd3a77,ntvplus.ca,ntv.ca,T,87.5,1.70048E+12,CA,en,Yes,Yes,No,Yes,Yes,Yes,Yes,Yes,Yes,NTV News,Local News,,Yes,Television Station,,Local,,No,N/A,Newfoundland Broadcasting Company Ltd.,Private Company,,https://www.facebook.com/NTVNewsNL/,https://twitter.com/NTVNewsNL/,,https://www.instagram.com/ntvnewsnl/,,https://apps.apple.com/ca/app/ntv-news/id546032363,,,,,"Inclusion - Maximum Safety,Inclusion - High Safety,Inclusion - Basic Safety"
69f0ffd4-b306-4989-9807-d9acdbb82975,australiangeographic.com.au,,T,62.5,1.7133E+12,AU,en,Yes,Yes,No,Yes,Yes,No,No,No,No,Australian Geographic,"Science,Environment",Wire Services,Yes,Print Publication,Magazine,"Regional,National",,No,N/A,Blue Ant Media Inc.,Private Company,,https://www.facebook.com/ausgeo/,https://twitter.com/ausgeo?lang=en ,https://www.youtube.com/channel/UC49MskGbikpViA029altivQ,https://www.instagram.com/australiangeographic/,https://au.linkedin.com/company/australian-geographic,https://apps.apple.com/kw/app/australian-geographic-magazine/id661038898 ,https://play.google.com/store/apps/details?id=com.audiencemedia.app1976&hl=en&gl=US,,,,"Inclusion - Maximum Safety,Inclusion - High Safety,Inclusion - Basic Safety"
65e10e21-bb76-4899-a9da-654eefbc601e,times-age.co.nz,,T,90,1.70006E+12,NZ,en,Yes,Yes,Yes,Yes,Yes,Yes,Yes,No,No,Wairarapa Times-Age,Local News,,Yes,Print Publication,Newspaper,"Regional,Local",,No,N/A,National Media Limited,Private Company,,https://www.facebook.com/WairarapaTimesAge/,https://twitter.com/WairarapaTA,https://www.youtube.com/@wairarapatimes-age2435/search,https://www.instagram.com/wairarapatimesage/,https://nz.linkedin.com/company/wairarapa-times-age,https://apps.apple.com/nz/app/wairarapa-times-age/id1432872848,https://play.google.com/store/apps/details?id=com.newspaperdirect.wairarapatimesage.android&hl=en&gl=US&pli=1,,,,"Inclusion - Maximum Safety,Inclusion - High Safety,Inclusion - Basic Safety"
62eac839-d465-4679-ba2d-2226657ca424,northantslive.news,,T,95,1.70005E+12,GB,en,Yes,Yes,Yes,Yes,Yes,Yes,Yes,Yes,No,NorthantsLive,Local News,Aggregation,Yes,,,Regional,,No,N/A,Reach plc,Public Company,,https://www.facebook.com/NorthantsLive,https://twitter.com/NorthantsLive,,https://www.instagram.com/northantslive1/,,,,,,,"Inclusion - Maximum Safety,Inclusion - High Safety,Inclusion - Basic Safety"
cf388890-9796-469b-848d-af10d3fca23a,beforeitsnews.com,,N,0,1.70866E+12,US,en,No,No,No,No,No,No,No,No,No,Before It's News,"Conspiracy theories or hoaxes,Political news or commentary",Aggregation,No,N/A,,National,,Yes,Right,NSearch Technology ,Private Company,"qannon,covid,hlth,ukraine,elec,vacc,abortion,israelhamas,politics",https://www.facebook.com/beforeitsnewscom/,https://twitter.com/beforeitsnews,https://www.youtube.com/channel/UCnReOAn6-xSb_ultl6U0d9w,,,,,,"91894637-6ff2-4409-8b3b-6895010484ed,168d3940-bdd7-41ad-aa0d-8ba443e6bfc4,5bd21d19-51a4-43ab-b3dc-1e8fa126109e,b35adc16-cbd2-4f50-a6af-fb5ab3ffaeb5,a3ea79ee-f8c2-4248-a5b4-c1d8884d19dd,85e6d08b-8ac4-4561-9d86-aa64d5d659fa,d68cb7a9-27d1-46a8-aa83-53adace2de11,f4e7f920-db69-4a52-96b4-4fec49c7a262,d5ae03ea-c399-44e1-81aa-b54ec9367054,f5a53342-6242-43df-9f34-34e2dfc6eaae,5e02b015-4578-465d-8e6b-31f23c783c17,40cbcb44-faf2-432a-b185-2d83ac320fa0,5995ae98-b757-4587-9636-9b802a148639,7c205c25-ebab-4b69-abcb-dfb54429a04f,05bb7e12-5e9f-49af-80dd-4f2150ffb050,a86b9ea9-ec53-4c9e-a5e8-d81c70ecd898,654785e2-00b6-461b-87dd-e28ec115ed18,ec33bc3d-8ce1-4f41-b69e-cbc8053d0259,d46cef97-e7c9-4953-8c08-4a2a81105ac3,60d00aa2-c2cd-43d7-a2f3-8b0d7f33ea74,a6028553-4a16-4f36-ac10-8a77da9495f1,98b61a02-e94b-4acc-ad13-ad8f0b5761b0,acc68025-e5a9-4bee-a7cc-f566adaa9606,c61a9854-1608-4ca8-a4b1-2d05eb9abda1,243cabd1-0b69-49ac-83f3-dc38ad07d98e,608a20b9-51a5-4fe0-a4ff-fd27b4fe8b67,a593401e-42f1-4c56-8c7c-29bb42a04485,7d364696-f136-4053-8121-2b123b064afd,c742907a-4972-4f9a-a3ab-72dbb5f98996,d68f0c5e-11d3-4072-a84e-21e61e381da7,34873f20-13c6-48b3-8169-1db9e3ae3991,32a30b9b-bb5c-448a-b5ab-c07c0b88ec05,c27ae466-1404-4ee7-961b-10ff05c3cc3b,a30ce122-4d47-4e85-a1f6-bd2af2ea78ae,7ba8a048-28d9-4671-a3a7-94fd15e58890,e523547e-0926-49a8-b4ff-5da23595d833,a2b61994-3418-48af-9e4f-51b2b3133bf1,5e06daef-c43b-466e-bfdb-ebaa299d694d,0d52272c-ec58-4c0b-9fed-1fb2e7426234,dfe9650b-16ce-43e7-a43d-3278c2f6e742,7be4b52b-3e2d-4fd7-86c7-c14223d98b2f,1e7f1792-d3f0-40ca-bf14-b766e4d0b413,3f0c6f20-88c5-461f-8d83-48473fd37810,2bac20b5-3d63-4c20-a452-66bec9299f79,c25d4b41-eae1-439f-af36-521bd50b8a73,6beb8cbd-bced-4f6e-8f50-97d35fb645b3,bdc95c0e-4e1e-448a-867e-483c9383393e,9c1435c3-9de7-4736-a0cb-70499b899992,379c9983-b08c-402a-a13d-9e2db0d31216,99c27295-725a-48b5-8516-40b368ae781c,0d5cab7f-df9c-4d55-b725-0476488105e0,b49b4dab-3b75-4078-b8f8-cbf274363af4,5dbd3626-8841-4537-8a7e-189dddfb6433,5c34ae33-b5a7-4a54-8c52-692b2d6f9a9c,15ed5bbf-2bd7-4dc9-8b5b-e9a380fa34a6,cffab7c7-9df5-4206-8ea2-a220b40c9c2f,1b21760f-881e-4d28-a8b0-4a3e78e0e273,622abb55-8a85-44c4-9eb8-a37e2f1d6008,00fe0e7e-a1a3-40b0-bad1-6c03b574fe51,6423ca46-c91a-44bf-b0cc-f60471774d27,6725291c-d810-4186-bdfb-07d0693b9a85,5c0286a4-d7d2-4133-905a-f3b0358d19f8,4ad7b29d-d43a-4000-bc7a-c074f7fd67e6,b6ba4332-41bb-412a-8e02-1b5155e7eaba,7ebf30d8-8555-4dce-a551-08f1220c8103,b1cfc130-ec30-4359-8fbd-333b637501ae,9ca506f2-0666-4414-8e56-8171bd335ceb,4a218e23-fba7-4c94-8243-759ff9b2f566,3bd33142-2c6c-4f93-8371-a6985f8e52d0,9a23ed31-33d6-4ae2-9408-5ff1c8c8339f,dcf0c828-f69c-4d34-96c4-5c6069e45c71,d6bc1e85-55f6-4129-96ee-ce5bc7ac51ad,24bb2bcb-b48d-4172-a61d-779f432cbcb7,a3ad8e74-8993-4441-888b-e921bc303628,9203116d-85d1-4552-b895-5bac122b7940,67944d37-5b93-465c-b9d3-3b1ba2aa0b76,9aab9127-8507-4491-b7e9-d889688efca1,cb8d3b06-bd32-4cbc-af62-e92dd1974abf,c16da876-685e-4cf0-8b91-6affe793e6a2,c6860dd0-a607-4e88-aa89-760400e87ad7,b0f7e28f-fd4d-4246-8345-67d7a6201966,6171b486-cff2-46e3-bd40-010a76e48a55,66e8b478-cf2f-4e9c-b0bf-e95f5578c0f4,b09b95ef-0392-4b15-b6ac-6d6937ebf6bd,c259226b-698f-47ed-bc94-b5a141b1e99f,0140a526-2e88-4461-8b79-ce6c38ef0693,dd2260c4-463f-4362-a8e3-b02734c2648f,2c447cf0-4520-454c-94aa-97b50f22ab48,dc14a117-103e-463b-a340-ace85c4b5cd1,af4677f8-4b3a-4ead-8e65-49fe164ecd24,28d1b1ac-7134-4b4f-bb97-bdb06ce75c60,b9a4253c-b87c-4bbf-8dd1-b74aad677c50,b1951e99-63fa-4d79-af1d-b0414c7c8f7c,a5bcc818-00cd-47a9-8537-744392fcffc5,f39101a2-5788-434e-b9de-13d9f521c8b0,3dc22d43-8a1a-4877-b142-f49cda2a8804,a0189328-10b4-41e2-b1b3-e57740239423,56a74037-87d3-4482-bee5-b40e4fa5cf52,8e77e6f6-0d19-4948-a270-6a8ca953811d,71c55f15-502f-4d68-87dc-719d967dc0ca,9b9c42aa-392f-4363-b2d3-d00b10955c5e,c6402f0d-2653-4d87-aecd-ae62104d18c0,78d78d35-b574-4cd8-8db0-f052c3151997,212d0ec8-1807-443e-b257-8daf8499fc07,4177c7d8-52e5-4bb4-a482-2353f4f7c8a1,e6a5599d-defb-43d5-9877-04068440260a,667c0df3-ab3e-4880-b8fc-92e0f35eef32,549b7a87-ec41-456b-8ca6-03a0a530867a,44cf0a1a-5e30-4918-9558-aa2c914c9217,b2f64522-5422-4505-96f0-3017b52dc0fb,d520e794-d5b7-497c-82d7-be0ef322f919,c67e14f6-f339-46de-8431-3cbe59fb1990,260198e1-2dbb-4136-ac72-91269071be7f,694a1115-f2e5-4f64-bc51-3d9b8157c3a4,f0ae2f18-1523-4e5c-a954-b32fe34d058e,9a93fe08-1ffb-4690-bf9d-f47d8cb65856,b851076d-5501-42b6-ad57-dfdda6caeee7,97cd9e1d-d978-44a5-9f5c-91c23fe587e2,9375b104-6424-49e0-83f6-cd695ebc4881,95f12f15-476e-4dc5-a764-b61dc752cbae,8306f954-c120-4ed0-b7e4-a017a5523421,60e3a42f-4ffb-4d58-ad10-ac336e457ae7,306802c2-362b-43d6-8c08-4ed02d36da0d,e7c37f06-4316-4a0f-a1d2-e46d836fcaa7,694ddbc9-7100-4fef-8ac0-7a9b500b9fae,e26c0763-e385-4da4-bb5c-cea79945088a,0572de0a-986a-4cfd-b8af-dfb300942cba,ee5ce808-63be-4c15-8b4c-40cf6a052069,658b8b24-a905-48b6-9926-c5965bea23eb,773729a1-fb11-4bf7-a16c-e3e7aa5f1b0d,3b7bcb0c-6f3f-450c-9dc3-031e92527f06,351d0b1e-942d-4e66-9214-344bdcc38c5d,d29bb682-22f7-48ad-9f46-de188d0d339b,36887219-af7f-4048-ac93-7bf29f3bb0dc,3d06b3de-3da0-403e-8cc0-c4153a544fb1,21b93edf-6c7c-413c-828b-3fb66060615b,21910894-1611-4adc-a575-5e15809c3cca,70a8b89f-9cfc-4b14-98e9-cfbe391d556a,a99bb304-23c4-46d2-b48b-c462cccdb2c7,8c2d07bb-f8f3-41c7-ad64-6f8128b596a7,340e2821-160e-47ce-8b90-008f617234df,616b23a6-33ea-4251-b2b8-9b4e1d0e7fc4,2223768e-2442-4e2d-a17a-a65f6951f03d,6aed50ad-6cd0-46bc-a409-95a091cbaeeb,c947cac0-608b-49ae-a918-047e69c58326,66c78b5f-f3c5-463f-852c-efee51296164,d963e2c3-2a4f-416f-b18c-9b9e125a25c0,99f59a3c-866d-4151-a69c-e119ee2befc3,3e195896-14be-48fb-94f0-974e64d8e5fb,4767aaf7-34dd-4ab5-9278-e13087d2e120,6dee918b-fcba-466c-b0dd-b1b6a5fe2750,16a5a52a-76c2-412e-ba3b-457b0ec69154,0358ecdf-04e1-42c6-9b56-02984b69e2d8,5243624a-2c53-4cad-b756-8b05341c6dd4,99d9581f-b6aa-4771-9b23-38bf7500aa0a,6d4e173e-7fe4-4f31-a75f-a74f1b920b32,77638bd4-a6f9-48c0-bec0-7794f491cbc8,ab5d8865-cb5c-4e08-bc53-379ad8339c6a,3afb750e-8ba9-4855-a0bb-0fcd464a524a,45daadf6-3b08-4161-9580-2934e30a73f2,f546f0a2-8c07-4e8a-807f-b92349a65b2f,72b1d8c1-d820-4bb2-b60b-49971ca8d545,f61f65c8-1ea2-4b97-9a73-175679a8261d,0dacc616-1e14-417a-944d-6fec0fde135c,aca9218b-92c5-480b-a64d-bae4c4953568,d45f5b9e-29bb-4f81-8c3d-00665e7e25af,aab8543a-a7c1-46ba-8bab-054c0d2bf3eb,fca48b0b-7547-479a-bbb7-4fed431189ca,b57b6209-3380-4b73-a652-05bbfcda55ff,42f1cb2c-46a5-43e5-856a-53c9504870d0,6d85861a-fa9f-4a1f-9140-ed12a84962fe,d197e070-da2d-4ce9-b3e9-16e9d288026e,44d3254c-9874-4885-8815-615be20376c5,43ecfc0c-429d-43d5-9c05-8e0516f061b0,c40ddb19-601e-44dc-a817-fb40f362cddb,4ac0bbe5-9869-4b63-80cd-1267916751cd,c7ab0a34-cebc-4ab9-b140-8ca8a3765b8b,e3185650-104a-4a3a-a750-3522149ca9c7,b9362595-a98d-4f58-aa97-8a30e69f9589,a8edf07a-6a3d-4cfd-9725-55e034544823,21a21678-3ff6-4c72-a587-267fcba85dae,6606ce06-025a-4ee3-b864-fd69342ac1a5,f5ba47da-faaf-4203-a4b7-e63d02ede85b,9c904042-1208-41c0-8f7b-8fd3a342fe5f,67afa587-73b7-462e-9285-40bf4b466a51,060d1019-8b43-4f12-afbf-133c5d78737b,28a9b81c-4d75-4411-b583-6bbaa1528234,8fd9da30-be5b-44d3-82e0-05b56877c2c8,bf104330-3eb6-4e5f-851a-57a9c28b1d69,881d8036-298b-44e0-9702-a5931b136acb,baffdc08-dd5a-4e54-8078-926dbb054f7e,f667911f-4d2c-418b-88d6-cecc38ed982d,ae5cb700-9605-4aeb-a16a-6cc44b7a66d0,7ab6f8e6-8f0d-4c1a-b0f8-1f622b86ed0a,38f7c3ee-3647-41bc-88b9-da5f685fe8c2,12b96123-29b0-403a-a03d-defdeb3a949b",,"Exclusion - Maximum Safety,Exclusion - High Safety,Exclusion - Basic Safety"
965267ed-c7ce-49db-89f8-e1de0749ae2c,stewpeters.com,,N,7.5,1.71202E+12,US,en,No,No,No,No,No,No,Yes,No,No,,"Conspiracy theories or hoaxes,Health or medical information,Political news or commentary",,Yes,N/A,,National,,Yes,Right,Stew Peters,Individual,"covid,elec,hlth,vacc,qannon,ukraine,israelhamas,politics",,,,https://www.instagram.com/stewpetersnetwork/,,,,"https://t.me/stewpeters,https://truthsocial.com/@RealStewPeters,https://gettr.com/user/realstewpeters,https://gab.com/RealStewPeters","8e77e6f6-0d19-4948-a270-6a8ca953811d,9a93fe08-1ffb-4690-bf9d-f47d8cb65856,c742907a-4972-4f9a-a3ab-72dbb5f98996,a003b7e4-c718-40a2-99b8-5c6716d9252d,6a931b16-f28e-46b4-a5b0-31746f465bbd,aca9218b-92c5-480b-a64d-bae4c4953568,2524d5a9-3632-4343-82b1-c364c001c65e,2877272e-c113-4fc6-a9a9-a3beb59dd367,3baabc25-dc1e-40c5-a42e-269bbb7701e3,607206fe-76da-49b2-9e8a-685b102a65c0,9c1435c3-9de7-4736-a0cb-70499b899992,717708d0-1144-40fc-9f44-89ee543c2bd6,a797cacc-bbbb-49c3-8228-8e1d7f9faac1,48cac8c5-86b4-4e48-b992-9f8eb5f15b8a,fca48b0b-7547-479a-bbb7-4fed431189ca,85e6d08b-8ac4-4561-9d86-aa64d5d659fa,9d83193d-d8a9-4817-954a-513dd661477c,61ab4659-aee9-4666-a8de-0f47107f5562,02c77ce9-68c4-46f5-b8ed-37a12867c642,dd2260c4-463f-4362-a8e3-b02734c2648f,f5a53342-6242-43df-9f34-34e2dfc6eaae,5e06daef-c43b-466e-bfdb-ebaa299d694d,efb2570a-edef-4484-8962-e067b2d19fd7",,"Exclusion - Maximum Safety,Exclusion - High Safety,Exclusion - Basic Safety"
fdb84b2f-4567-4962-98ad-f4b0f0edb74f,opposition24.com,,N,20,1.71147E+12,ALL,en,No,No,No,No,No,Yes,Yes,Yes,No,Opposition24,"Health or medical information,Political news or commentary,Conspiracy theories or hoaxes",Aggregation,No,N/A,,National,,Yes,Right,Wolfgang van de Rydt,Individual,"qannon,covid,hlth,elec,vacc,ukraine,climate,politics",,https://twitter.com/0pposition24com,https://www.youtube.com/channel/UCK7Tj_SlbtiLXIIK8T3jq7A,https://www.instagram.com/opposition24/,https://www.linkedin.com/in/wolfgang-van-de-rydt-2958a6114/,,,https://www.pinterest.de/opposition24/,"78dfd34b-786a-4bb5-9876-fc4f514ea85b,b877ad49-b211-4684-9458-6dda2f3b3766,47e14f8f-4f1a-4fa0-9441-c9014b1b1e19,f667911f-4d2c-418b-88d6-cecc38ed982d",,"Exclusion - Maximum Safety,Exclusion - High Safety,Exclusion - Basic Safety"
b33d9072-169a-49b5-8725-387fe73ffb21,spokesman-recorder.com,,T,100,1.6796E+12,US,en,Yes,Yes,Yes,Yes,Yes,Yes,Yes,Yes,Yes,Minnesota Spokesman-Recorder,"Local News,General News",,Yes,Print Publication,Newspaper,Local,Minneapolis-St. Paul,Yes,Left,Tracey Williams-Dillard,Individual,,https://www.facebook.com/MNSpokesmanRecorder/,https://twitter.com/MNSpokesman,https://www.youtube.com/channel/UCbfSa4sFelkMsEHL1aUo2iw,https://www.instagram.com/mnspokesmanrecorder/,,,,,,Black or African American community,"Inclusion - High Safety,Inclusion - Basic Safety,Exclusion - Maximum Safety"
a0ab784e-4ed4-4ca9-bf2d-6743055582f7,la-croix.com,,T,100,1.67632E+12,ALL,en,Yes,Yes,Yes,Yes,Yes,Yes,Yes,Yes,Yes,La Croix,"General News,Religion",Wire Services,Yes,Print Publication,Newspaper,"National,International",Other,No,N/A,Bayard Presse,Private Company,,https://www.facebook.com/lacroix.journal/,https://twitter.com/lacroix,https://www.youtube.com/c/lacroix,https://www.instagram.com/journal.lacroix/,https://www.linkedin.com/company/lacroixjournal/,https://apps.apple.com/fr/app/la-croix-actualit%C3%A9s-et-info/id890013289,https://play.google.com/store/apps/details?id=com.lacroix.mobile,,,Christian community,"Inclusion - Maximum Safety,Inclusion - High Safety,Inclusion - Basic Safety"
7ddc7d25-a27b-4ae5-a2d0-6a8f64349c3d,nunatsiaq.com,,T,100,1.6757E+12,CA,en,Yes,Yes,Yes,Yes,Yes,Yes,Yes,Yes,Yes,Nunatsiaq News,General News,,Yes,Print Publication,Newspaper,Local,,No,N/A,Nortext Publishing Corp.,Private Company,,https://www.facebook.com/NunatsiaqNews,https://www.twitter.com/NunatsiaqNews,,https://www.instagram.com/nunatsiaq_news/,,,,,,Indigenous or Native American communities,"Inclusion - Maximum Safety,Inclusion - High Safety,Inclusion - Basic Safety"
78f56910-96c4-44fa-ba28-2c2d0fbe4894,phillytrib.com,,T,100,1.67546E+12,US,en,Yes,Yes,Yes,Yes,Yes,Yes,Yes,Yes,Yes,Philadelphia Tribune,"Health or medical information,Political news or commentary,Business or Personal Finance","Aggregation,Wire Services",Yes,Print Publication,Newspaper,"Regional,National,Local",Philadelphia,No,N/A,Philadelphia Tribune Media Group,Private Company,,https://www.facebook.com/PhillyTrib/,https://twitter.com/Phillytrib/,https://www.youtube.com/channel/UCaIU-UJWpDScEI9yIukPmDw,https://www.instagram.com/phillytrib/,,,,,,Black or African American community,"Inclusion - Maximum Safety,Inclusion - High Safety,Inclusion - Basic Safety"